,accuracy,precision,recall,f1 score
Normal,0.15403543412685394,0.25400739908218384,0.1013779491186142,0.14491733725249475
Pretrained,0.7531988024711609,0.7950093746185303,0.7290846705436707,1.1791960608399095
